<?xml version="1.0" encoding="ISO-8859-1" ?>
<device>
  <name>TOPLEVEL</name>
  <version>1.0</version>
  <description>CMSIS description for TOPLEVEL.  Created by Actel SmartDesign on Tue Oct 04 12:15:32 2011</description>
  <addressUnitBits>8</addressUnitBits>
  <width>32</width>
  <peripherals>
    <peripheral>
      <name>CoreInterrupt_0</name>
      <baseAddress>0x40050000</baseAddress>
      <addressBlock>
        <offset>0x40050000</offset>
        <size>0x1000</size>
        <usage>registers</usage>
      </addressBlock>
      <registers>
        <register>
          <name>FIQSoftInt</name>
          <description>
          </description>
          <addressOffset>0x00</addressOffset>
          <size>8</size>
          <access>read-write</access>
          <resetValue>0x00</resetValue>
          <fields>
            <field>
              <name>FIQSoftInt</name>
              <bitOffset>0</bitOffset>
              <bitWidth>8</bitWidth>
              <access>read-write</access>
            </field>
          </fields>
        </register>
        <register>
          <name>FIQSoftIntClear</name>
          <description>
          </description>
          <addressOffset>0x04</addressOffset>
          <size>8</size>
          <access>write-only</access>
          <resetValue>0x00</resetValue>
          <fields>
            <field>
              <name>FIQSoftIntClear</name>
              <bitOffset>0</bitOffset>
              <bitWidth>8</bitWidth>
              <access>write-only</access>
            </field>
          </fields>
        </register>
        <register>
          <name>FIQEnable</name>
          <description>
          </description>
          <addressOffset>0x08</addressOffset>
          <size>8</size>
          <access>read-write</access>
          <resetValue>0x00</resetValue>
          <fields>
            <field>
              <name>FIQEnable</name>
              <bitOffset>0</bitOffset>
              <bitWidth>8</bitWidth>
              <access>read-write</access>
            </field>
          </fields>
        </register>
        <register>
          <name>FIQEnableClear</name>
          <description>
          </description>
          <addressOffset>0x0C</addressOffset>
          <size>8</size>
          <access>write-only</access>
          <resetValue>0x00</resetValue>
          <fields>
            <field>
              <name>FIQEnableClear</name>
              <bitOffset>0</bitOffset>
              <bitWidth>8</bitWidth>
              <access>write-only</access>
            </field>
          </fields>
        </register>
        <register>
          <name>FIQRawStatus</name>
          <description>
          </description>
          <addressOffset>0x10</addressOffset>
          <size>8</size>
          <access>read-only</access>
          <resetValue>0x00</resetValue>
          <fields>
            <field>
              <name>FIQRawStatus</name>
              <bitOffset>0</bitOffset>
              <bitWidth>8</bitWidth>
              <access>read-only</access>
            </field>
          </fields>
        </register>
        <register>
          <name>FIQStatus</name>
          <description>
          </description>
          <addressOffset>0x14</addressOffset>
          <size>8</size>
          <access>read-only</access>
          <resetValue>0x00</resetValue>
          <fields>
            <field>
              <name>FIQStatus</name>
              <bitOffset>0</bitOffset>
              <bitWidth>8</bitWidth>
              <access>read-only</access>
            </field>
          </fields>
        </register>
        <register>
          <name>IRQSoftInt</name>
          <description>
          </description>
          <addressOffset>0x18</addressOffset>
          <size>32</size>
          <access>read-write</access>
          <resetValue>0x00</resetValue>
          <fields>
            <field>
              <name>IRQSoftInt</name>
              <bitOffset>0</bitOffset>
              <bitWidth>32</bitWidth>
              <access>read-write</access>
            </field>
          </fields>
        </register>
        <register>
          <name>IRQSoftIntClear</name>
          <description>
          </description>
          <addressOffset>0x1C</addressOffset>
          <size>32</size>
          <access>write-only</access>
          <resetValue>0x00</resetValue>
          <fields>
            <field>
              <name>IRQSoftIntClear</name>
              <bitOffset>0</bitOffset>
              <bitWidth>32</bitWidth>
              <access>write-only</access>
            </field>
          </fields>
        </register>
        <register>
          <name>IRQEnable</name>
          <description>
          </description>
          <addressOffset>0x20</addressOffset>
          <size>32</size>
          <access>read-write</access>
          <resetValue>0x00</resetValue>
          <fields>
            <field>
              <name>IRQEnable</name>
              <bitOffset>0</bitOffset>
              <bitWidth>32</bitWidth>
              <access>read-write</access>
            </field>
          </fields>
        </register>
        <register>
          <name>IRQEnableClear</name>
          <description>
          </description>
          <addressOffset>0x24</addressOffset>
          <size>32</size>
          <access>write-only</access>
          <resetValue>0x00</resetValue>
          <fields>
            <field>
              <name>IRQEnableClear</name>
              <bitOffset>0</bitOffset>
              <bitWidth>32</bitWidth>
              <access>write-only</access>
            </field>
          </fields>
        </register>
        <register>
          <name>IRQRawStatus</name>
          <description>
          </description>
          <addressOffset>0x28</addressOffset>
          <size>32</size>
          <access>read-only</access>
          <resetValue>0x00</resetValue>
          <fields>
            <field>
              <name>IRQRawStatus</name>
              <bitOffset>0</bitOffset>
              <bitWidth>32</bitWidth>
              <access>read-only</access>
            </field>
          </fields>
        </register>
        <register>
          <name>IRQStatus</name>
          <description>
          </description>
          <addressOffset>0x2C</addressOffset>
          <size>32</size>
          <access>read-only</access>
          <resetValue>0x00</resetValue>
          <fields>
            <field>
              <name>IRQStatus</name>
              <bitOffset>0</bitOffset>
              <bitWidth>32</bitWidth>
              <access>read-only</access>
            </field>
          </fields>
        </register>
      </registers>
    </peripheral>
    <peripheral>
      <name>VersionROM_0</name>
      <baseAddress>0x40050100</baseAddress>
    </peripheral>
    <peripheral>
      <name>CoreGPIO_0</name>
      <baseAddress>0x40050200</baseAddress>
    </peripheral>
    <peripheral>
      <name>psram_cr_0</name>
      <baseAddress>0x40050300</baseAddress>
    </peripheral>
  </peripherals>
</device>
