<spirit:component xmlns:actel-cc="http://www.actel.com/XMLSchema/CoreConsole" xmlns:spirit="http://www.spiritconsortium.org/XMLSchema/SPIRIT/1.1" xmlns:xsi="http://www.w3.org/2001/XMLSchema-instance" xsi:schemaLocation="http://www.spiritconsortium.org/XMLSchema/SPIRIT/1.1 http://www.spiritconsortium.org/XMLSchema/SPIRIT/1.1/component.xsd">
  <spirit:vendor>User</spirit:vendor>
  <spirit:library>Private</spirit:library>
  <spirit:name>psram_cr</spirit:name>
  <spirit:version>1.0</spirit:version>
  <spirit:busInterfaces>
  <spirit:busInterface>
    <spirit:name>BIF_1</spirit:name>
    <spirit:busType spirit:vendor="AMBA" spirit:library="AMBA2" spirit:name="APB" spirit:version="r0p0"/>
    <spirit:slave></spirit:slave>
    <spirit:signalMap>
      <spirit:signalName>
        <spirit:componentSignalName>apb_paddr</spirit:componentSignalName><spirit:busSignalName>PADDR</spirit:busSignalName></spirit:signalName>
      <spirit:signalName>
        <spirit:componentSignalName>apb_psel</spirit:componentSignalName><spirit:busSignalName>PSELx</spirit:busSignalName></spirit:signalName>
      <spirit:signalName>
        <spirit:componentSignalName>apb_penable</spirit:componentSignalName><spirit:busSignalName>PENABLE</spirit:busSignalName></spirit:signalName>
      <spirit:signalName>
        <spirit:componentSignalName>apb_pwrite</spirit:componentSignalName><spirit:busSignalName>PWRITE</spirit:busSignalName></spirit:signalName>
      <spirit:signalName>
        <spirit:componentSignalName>apb_prdata</spirit:componentSignalName><spirit:busSignalName>PRDATA</spirit:busSignalName></spirit:signalName>
      <spirit:signalName>
        <spirit:componentSignalName>apb_pwdata</spirit:componentSignalName><spirit:busSignalName>PWDATA</spirit:busSignalName></spirit:signalName></spirit:signalMap>
    <spirit:vendorExtensions></spirit:vendorExtensions>
  </spirit:busInterface>
  </spirit:busInterfaces>
  <spirit:memoryMaps>
  </spirit:memoryMaps>
  <spirit:hwModel>
    <spirit:views>
    </spirit:views>
    <spirit:signals>
      <spirit:signal>
        <spirit:name>clr</spirit:name>
        <spirit:direction>in</spirit:direction>
      </spirit:signal>
      <spirit:signal>
        <spirit:name>apb_pclk</spirit:name>
        <spirit:direction>in</spirit:direction>
      </spirit:signal>
      <spirit:signal>
        <spirit:name>apb_paddr</spirit:name>
        <spirit:direction>in</spirit:direction>
        <spirit:left>5</spirit:left>
        <spirit:right>0</spirit:right>
      </spirit:signal>
      <spirit:signal>
        <spirit:name>apb_psel</spirit:name>
        <spirit:direction>in</spirit:direction>
      </spirit:signal>
      <spirit:signal>
        <spirit:name>apb_penable</spirit:name>
        <spirit:direction>in</spirit:direction>
      </spirit:signal>
      <spirit:signal>
        <spirit:name>apb_pwrite</spirit:name>
        <spirit:direction>in</spirit:direction>
      </spirit:signal>
      <spirit:signal>
        <spirit:name>apb_prdata</spirit:name>
        <spirit:direction>out</spirit:direction>
        <spirit:left>31</spirit:left>
        <spirit:right>0</spirit:right>
      </spirit:signal>
      <spirit:signal>
        <spirit:name>apb_pwdata</spirit:name>
        <spirit:direction>in</spirit:direction>
        <spirit:left>31</spirit:left>
        <spirit:right>0</spirit:right>
      </spirit:signal>
      <spirit:signal>
        <spirit:name>address</spirit:name>
        <spirit:direction>out</spirit:direction>
        <spirit:left>24</spirit:left>
        <spirit:right>0</spirit:right>
      </spirit:signal>
      <spirit:signal>
        <spirit:name>nbyte_en</spirit:name>
        <spirit:direction>out</spirit:direction>
        <spirit:left>1</spirit:left>
        <spirit:right>0</spirit:right>
      </spirit:signal>
      <spirit:signal>
        <spirit:name>ncs0</spirit:name>
        <spirit:direction>out</spirit:direction>
      </spirit:signal>
      <spirit:signal>
        <spirit:name>ncs1</spirit:name>
        <spirit:direction>out</spirit:direction>
      </spirit:signal>
      <spirit:signal>
        <spirit:name>data</spirit:name>
        <spirit:direction>inout</spirit:direction>
        <spirit:left>15</spirit:left>
        <spirit:right>0</spirit:right>
      </spirit:signal>
      <spirit:signal>
        <spirit:name>noe0</spirit:name>
        <spirit:direction>out</spirit:direction>
      </spirit:signal>
      <spirit:signal>
        <spirit:name>noe1</spirit:name>
        <spirit:direction>out</spirit:direction>
      </spirit:signal>
      <spirit:signal>
        <spirit:name>nwe</spirit:name>
        <spirit:direction>out</spirit:direction>
      </spirit:signal>
    </spirit:signals>
    <spirit:hwParameters>
    </spirit:hwParameters>
  </spirit:hwModel>
  <spirit:choices>
  </spirit:choices>
  <spirit:fileSets>
  </spirit:fileSets>
  <spirit:vendorExtensions>
    <actel-cc:type typeName="IP"/>
    <actel-cc:instantiateOnCreation value="false"/>
    <actel-cc:categories categoryName="OS" style="hidden">
      <actel-cc:category name="PC">
      </actel-cc:category>
    </actel-cc:categories>
  </spirit:vendorExtensions>
</spirit:component>
