<?xml version="1.0" encoding="ISO-8859-1" ?>
<?xml-stylesheet type="text/xsl" href="drcss.xsl"?>
<drcreport>
  <header>MSS_CORE_tmp</header>
  <drc>
    <status>E:\Microsemi\Libero_v10.0\Designer/data/drcreport\error.png</status>
    <StatusMessage>Error</StatusMessage>
    <message>Core Validation</message>
    <detail>The eNVM configuration has errors. Please correct these errors using the eNVM configurator.</detail>
    <crossprobe>liberoaction://find/smartdesign/MSS_CORE/instances/MSS_CORE</crossprobe>
  </drc>
</drcreport>
